workload_name,All,minus shuffle units,minus constant ops,"minus Htree, plus Bus",minus cross cram shift,"minus systolic broadcast, plus one-to-all broadcast","minus mesh, plus ring","minus inter-CRAM reduction, plus intra-CRAM reduction","minus Htree, constant ops, cross cram shift, sys-bcast, shuffle, mesh"
conv,5267.0,10874.0,5267.0,13527.0,5267.0,5325.0,21446.0,10631.0,57040.0
fir,27335.0,27335.0,47476.0,28463.0,679496.0,27289.0,262662.0,27335.0,8761406.0
gemm,146309.0,210766.0,146309.0,471658.0,146309.0,148415.0,1248635.0,396394.0,2294968.0
gemv,117170.0,117170.0,130689.0,117318.0,117170.0,117170.0,1075815.0,117170.0,1399721.0
vadd,30943.0,30943.0,30943.0,30943.0,30943.0,30943.0,373375.0,30943.0,373383.0
resnet18,122434.66666666666,360251.3333333333,122434.66666666666,333076.0,122434.66666666666,191529.3333333333,822783.3333333333,212758.66666666666,3126824.6666666665
bert,197536.66666666666,2484438.6666666665,197536.66666666666,2076274.6666666665,197536.66666666666,195828.66666666666,334198.6666666666,1646002.6666666665,29353214.0
