workload_name,All,"minus Htree, plus Bus",minus constant ops,minus cross cram shift,"minus systolic broadcast, plus one-to-all broadcast",minus shuffle units,"minus mesh, plus ring","minus Htree, constant ops, cross cram shift, sys-bcast, shuffle, mesh"
conv,5267,13527,5267,5267,5325,5267,21446,29401
fir,27335,28463,47476,679496,27289,27335,262662,8761406
gemm,146309,471658,146309,146309,148415,210766,1248635,2294968
gemv,117170,117318,130689,117170,117170,117170,1075815,1399721
vadd,30943,30943,30943,30943,30943,30943,373375,373383
resnet18,122434.66666666666,333076.0,61217.33333333333,61217.33333333333,191529.3333333333,122434.66666666666,822783.3333333333,1069834.6666666665
bert,197536.66666666666,2076274.6666666665,103147.0,103147.0,195828.66666666666,2484438.6666666665,334198.6666666666,29353214.0
