Workload,PIMSAB Time,PIMSAB Energy,GPU Time,GPU Energy
vecadd,20629.333333333332,0.00437348,78850.0,0.01238
fir,18224.0,0.00404557,1831960.0,0.227163
gemv,77854.0,0.0128157,138350.0,0.029054
gemm,93260.66666666666,0.0106309,82110.0,0.014697
conv2d,3366.0,0.000199569,46590.0,0.001444
resnet,112060.66666666666,0.008396180999999999,310000.0,0.015299
bert,125698.66666666666,0.015428167999999999,320000.0,0.025
