Workload,PIMSAB Time,PIMSAB Energy,GPU Time,GPU Energy
vecadd,20629.333333333332,0.00437348,78850.0,0.01238
fir,18224.0,0.00404557,1831960.0,0.227163
gemv,78114.0,0.0128676,138350.0,0.029054
gemm,95843.33333333333,0.0112349,82110.0,0.014697
conv2d,3366.0,0.000199569,46590.0,0.001444
resnet,113131.33333333333,0.008529740999999999,310000.0,0.015299
bert,133900.0,0.017099238,320000.0,0.025
